tree,group,Early_period,Late_period,diff,mat,map,maa,lat,lon,spp,fixer,lifeform,prediff,aidiff,tmpdiff
032 _XX_ A. pinsapo,g,-1.505593216300947,-2.166459085069345,-0.6608658687683981,16.832051573655544,46.47461611746978,0.42323836526513536,36.72,-4.965,Abies pinsapo,n,e,1.3554620555594212,0.009238581006060759,0.5543162325486755
069 _XX_ A2,g,-1.7513992495857071,-2.873312391810513,-1.1219131422248056,1.6794871957542803,21.17000039204573,0.28106939425187427,43.441,81.084,Picea schrenkiana,n,e,2.0395603696187656,0.015222221009213888,0.8500000494611353
069 _XX_ A3,g,-2.090085577021011,-2.79480142703952,-0.7047158500185087,1.6794871957542803,21.17000039204573,0.28106939425187427,43.438,81.093,Picea schrenkiana,n,e,1.6340135149404276,0.010560146438327839,0.906802771955121
049 _XX_ Abies alba,g,-1.640909377971115,-0.9791401307942348,0.6617692471768802,8.722948888364511,53.91871885412779,1.0199548398586524,49.15,9.93,Abies alba,n,e,5.417197812520548,0.024089756387147165,0.6715384700796108
019 _XX_ Abies alba,g,-2.2531108752825486,-2.4075902334813892,-0.15447935819884062,8.502820664758866,80.59487326848202,1.5010129837447572,48.073,8.837,Abies alba,n,e,3.3350538457570593,-0.06663405895802765,1.07124846121844
033 _XX_ Abies fabri,g,0.8640331998329452,-0.958084827098953,-1.8221180269318982,2.3932051768956275,61.82077039050368,0.838877092237291,29.55,101.967,Abies fabri,n,e,6.195527032684282,0.09206075498755095,-0.034126956956554544
149 _XX_ Acer pseudoplatanus,a,-3.9286538072170214,-4.08878472656122,-0.1601309193441982,16.156025923826757,64.04923194547494,0.776890855463607,40.816,14.433,Acer pseudoplatanus,n,d,1.5094019992047336,-0.006324030437645123,0.9277777974567734
177 _XX_ Adansonia digitata,a,1.4274983011471782,-4.573727378781972,-6.00122567992915,22.607820889888664,25.03564152286794,0.1993950822085814,-22.263,29.279,Adansonia digitata,n,d,-1.0634197693366545,-0.010711239063305233,0.37673151957524453
178 _XX_ Adansonia digitata,a,-0.21618214266497468,-4.734633944471526,-4.518451801806552,23.23153882515736,38.32461609115394,0.3286118209010929,-22.382,31.219,Adansonia digitata,n,d,-3.7820658079620912,-0.04644209939603816,0.6514224811476126
180 _XX_ al,a,-0.7218738415470491,-4.458713922710141,-3.7368400811630913,6.170000120319235,89.78423238465419,1.0598020388965517,-41.18,-71.78,Nothofagus pumilio,n,d,3.9393321419469913,0.03654430268690895,0.04471239751699052
067 _XX_ Andes,g,-0.368932537246176,-0.24685468493641208,0.1220778523097639,10.448205308119457,116.64936093076682,1.7198626947945057,-40.167,-73.43,Fitzroya cupressoides,n,e,1.1045456164843017,0.02879628483345642,-0.1844155881311984
139 _XX_ Araucaria araucana,g,0.05238675586141515,0.02598104157020632,-0.026405714291208828,9.390897582433162,83.13192438378167,0.9091342187378004,-38.428,-71.538,Araucaria araucana,n,e,0.07899141018631184,0.002408167647804438,0.10886554056856745
036 _XX_ arcata,g,-0.16179300242359052,-0.5587662183154499,-0.3969732158918594,11.692051498706524,98.27936057448387,1.6526191325075412,40.868,-124.067,Sequoia semperevirens,n,e,0.6557003706795967,0.00842054723361152,0.38688184795798897
108 _XX_ AST,a,-1.8004858510513944,-3.102673841352825,-1.3021879903014306,12.475641246579396,85.70718092505749,1.2763178347389337,44.86,8.32,Quercus petraea,n,d,2.318681319157676,-0.04977904842463421,1.0808691930818526
053 _XX_ baglow,g,-1.283117884148761,0.08094647475775096,1.364064358906512,2.4098718256904528,31.37807745675628,0.41035388249053983,35.9,74.56,Juniperus excelsa,n,e,-0.5117564223355338,-0.0011152413741418732,-0.3347915324318196
135 _XX_ Baselga,g,1.674487195190964,-2.515919153060735,-4.190406348251699,5.251923158688423,108.2898736391312,2.461849157244409,46.08,11.051,Picea abies,n,e,8.534980295085106,-0.03387587697349215,0.8774160039024199
098 _XX_ BER,g,1.557071687911644,-3.553301073164626,-5.11037276107627,-1.4553846368709435,44.45397519178879,0.939726940032146,54.267,89.617,Pinus sylvestris,n,e,1.5243197275667768,6.314521277750451e-4,0.8827211254612113
108 _XX_ BIO,g,-1.1514329025458248,0.4338232832827497,1.5852561858285745,13.937692565184372,73.62359098595304,0.8854687377572461,43.92,7.76,Pinus sylvestris,n,e,2.368581773041484,-0.03448377865773844,1.0513486466803208
174 _XX_ brcy,a,-1.133910729763334,10.533949447171503,11.667860176934838,25.174231152656752,211.2580798876591,2.3766115394318144,5.217,9.1,Brachystegia cynometroides*,y,d,-33.52224656708387,-0.42371259135142614,0.18861229487828268
064 _XX_ bro,a,-3.327688313868292,-0.6740272213760073,2.6536610924922845,4.967948810431437,48.653462374516025,1.1967392831265038,60,23.08,Quercus robur,n,d,1.6357140262405565,-0.03276660184564617,0.5149350771075731
174 _XX_ caia,a,0.9448762108976108,0.06376121131664456,-0.8811149995809662,24.89448755215376,96.62615520306504,0.7580803518798361,-15.833,-62.85,Cariniana ianeirensis,n,NA,9.209705932940523,0.08362284228354877,-0.3200957519260079
176 _XX_ Callitris columaris,g,1.2984008256132815,-1.6556437366656578,-2.9540445622789395,24.599487563891287,28.99615440296057,0.16038140824597608,-22.851,117.628,Callitris columaris,n,e,13.661791047966208,0.06577006290932508,0.10478486578022839
026 _XX_ caprpr,g,-0.8207097998625692,-2.0525829017807653,-1.231873101918196,16.289615654334042,29.43538511682015,0.252517643990355,-33.094,118.736,Callitris preissii,n,e,0.9838094418653043,0.0035992476808767715,0.34857147502250285
064 _XX_ cav,a,1.0996746594415074,-0.17386004049225753,-1.273534699933765,4.93858982521372,154.5641052539532,3.269435615614895,46.35,8.6,Quercus petraea,n,d,13.003785750513686,0.042325395341525685,0.7034187635295392
163 _XX_ Cedrela odorata,a,0.23907240688748607,0.2766155101061427,0.03754310321865664,25.077564503596378,203.6485929687818,1.8316743517922505,-12.618,-69.183,Cedrela odorata,n,d,15.538230480790958,0.20515456245436114,0.10000000000000142
135 _XX_ Cermis,g,-0.5375458289080511,0.833437614220136,1.370983443128187,5.251923158688423,108.2898736391312,2.461849157244409,46.25,11.495,Picea abies,n,e,5.402416279085543,-0.08071921150800976,0.8532562901367662
108 _XX_ CFI,a,-2.2401061865872163,-2.6276909551469534,-0.3875847685597371,13.581154094903898,58.44974453533307,0.7073914417030196,41.81,2.38,Quercus petraea,n,d,-11.364625912945286,-0.15616757805684667,0.9928570896589832
180 _XX_ ch,a,-1.414625099265491,-2.4286628989315027,-1.0140377996660117,6.902179596152825,68.30794981032228,0.7637933017178827,-41.25,-71.28,Nothofagus pumilio,n,d,4.044403255068751,0.033288935773186534,0.11017312012709546
101 _XX_ CHO,g,-2.0153808965627245,-0.6239770442554862,1.3914038523072383,-13.82551302415056,16.787692602876668,0.7082810021280466,70.55,148.25,Larix gmelinii,n,d,-2.9750680937248006,-0.09305652877999127,0.9907824089281816
067 _XX_ Coastal range,g,-0.4715880352974072,-1.554511739462078,-1.0829237041646707,9.506025785666246,133.898976679643,2.0003144726127595,-41.533,-72.58,Fitzroya cupressoides,n,e,9.035714636530187,0.10152244043427883,0.04978255277835153
107 _XX_ Cryptomeria fortunei,g,0.6040192804516887,-2.2060820889150503,-2.810101369366739,14.163205391884995,118.08423286915207,1.6513391579492347,30.417,119.417,Cryptomeria fortunei,n,e,-7.403175105825483,-0.18932564772659188,0.5712196637713731
108 _XX_ CUE,g,-1.118749760104491,-0.7869703377904,0.33177942231409085,13.208589978707142,73.30897558108927,0.8795018629530127,43.89,7.06,Pinus sylvestris,n,e,1.496153732637083,-0.04841695934186352,1.0930070305442214
174 _XX_ daog,a,2.4925312393190042,9.09186835383938,6.5993371145203765,25.174231152656752,211.2580798876591,2.3766115394318144,5.217,9.1,Daniellia ogea*,y,d,-31.124892296729115,-0.3803782479239932,0.10465368460783253
179 _XX_ davan,g,-1.8374693806912143,-4.8833767858320325,-3.0459074051408184,-8.785128372076612,36.45910322941267,0.8883217674384819,55.85,108.917,Larix sibirica,n,d,1.854545828841978,0.0012648593627877514,1.019697000050828
108 _XX_ DOL,a,1.002151645809325,2.857668256054702,1.8555166102453773,8.193846298878391,140.91654077936442,2.488817220001663,45.75,14.03,Quercus petraea,n,d,4.5588908029364745,-0.053761829165309916,0.840909089003647
064 _XX_ dra,a,-0.7666383289546685,0.2388443596792705,1.005482688633939,8.09423090923482,61.34423181735552,1.2587344156667082,51.5,9.78,Quercus petraea,n,d,-1.335416825754308,-0.08711114487383731,0.9247023661931362
059 _XX_ Elgeeii,g,-2.175973132131272,-3.1060100905254395,-0.9300369583941674,-9.396538647932884,27.55705174941283,0.7343290353051886,60,133.817,Larix cajanderi,n,d,-0.1234454453492404,-0.012038396650636773,1.1133612737435241
167 _XX_ Eusideroxylon zwageri,a,0.27748116988073407,0.03273386415198398,-0.2447473057287501,24.49717986033513,230.53397871897772,2.557652770552662,5.883,117.083,Eusideroxylon zwageri,n,e,-6.894243137970648,-0.09188662841896367,0.5418613739343954
149 _XX_ Fagus sylvatica,a,-1.923559274218619,0.8833592584912677,2.8069185327098864,16.156025923826757,64.04923194547494,0.776890855463607,40.816,14.433,Fagus sylvatica,n,d,1.385265327446703,-0.006462541625964269,0.8759740978092339
035 _XX_ Fagus sylvatica,a,-2.0673200975266592,-3.7826965017015937,-1.7153764041749344,8.547564272429698,45.48935978160455,0.8853638135213592,51.09,10.52,Fagus sylvatica,n,d,-5.404974348691049,-0.11404454760664728,0.6506377361258657
103 _XX_ famfp,a,-2.4750714840146757,1.508823367858724,3.9838948518733996,-0.03910257155314469,146.69295106851138,3.94269562670142,46.067,10.934,Fagus sylvatica,n,d,9.577273464822127,-0.09795878953708925,0.9233766509727999
106 _XX_ Fitzroya cupressoides,g,-0.941056653042498,-1.937097689767203,-0.996041036724705,6.170000120319235,89.78423238465419,1.0598020388965517,-41.158,-71.78,Fitzroya cupressoides,n,e,4.283766263491145,0.039674735339636,0.01818179000507847
108 _XX_ FOS,a,-2.559900740933992,-2.096752308581934,0.4631484323520576,10.442692507020174,43.42743668968861,0.624386131370743,45.8,27.02,Quercus petraea,n,d,-0.23646338669570355,-0.01790693606480287,0.5349151044935105
101 _XX_ FSM,g,-4.382012886182035,-0.9433232591130928,3.438689627068942,-2.8652564609757603,28.868077428065813,0.6819346735725459,60.016,-112.016,Picea glauca,n,e,5.1899998557667715,0.0444535519390894,0.7945798989823638
086 _XX_ GA,g,-1.1965969918056265,-1.301228305903082,-0.10463131409745552,8.498205291623107,81.36923233209512,1.0626253526850018,42.867,-0.8,Abies alba,n,e,-0.5666044505938572,-0.06366361029378453,0.9196659855143707
064 _XX_ gut,g,-3.622409649451336,-1.943239037006976,1.67917061244436,-0.11576922320020504,56.84961624970803,1.6377817385334057,62,12.18,Pinus sylvestris,n,e,-1.378331430533649,-0.11904297787832263,0.4447779374382721
099 _XX_ HS sylvestris,g,-1.7917564491812463,-2.3846819727897475,-0.5929255236085011,9.781666859678731,46.56589823930692,0.5164650122799957,40.391,-0.663,Pinus sylvestris,n,e,-3.154847093990867,-0.04905380896096445,1.1295918207995737
099 _XX_ HS uncinata,g,-0.6345806822538762,-3.0961969510844125,-2.4616162688305363,9.781666859678731,46.56589823930692,0.5164650122799957,40.391,-0.663,Pinus uncinata,n,e,-9.880119191464921,-0.1128618555317582,1.3326785510494599
064 _XX_ ilo,g,-2.256482767192308,-1.6501142829845463,0.6063684842077617,2.513461583508895,49.74500085268265,1.2811223627486572,62.98,30.98,Pinus sylvestris,n,e,-1.364542467166217,-0.05439202661895359,0.6038095196033577
101 _XX_ INU,g,-1.209240749683346,-0.05241408454040008,1.156826665142946,-9.769230934203817,16.437820758899818,0.6409568889997693,68.5,-133.483,Picea mariana,n,e,-0.1369830499634226,-0.04619866729374067,1.2339755247655164
036 _XX_ jebediah smith,g,0.03993946516824059,-0.6699014880328507,-0.7098409532010912,11.77230791403697,113.0916688460379,1.628295465540503,41.784,-124.068,Sequoia semperevirens,n,e,-0.11207786298546552,-0.014907841333640037,0.49303038811787303
046 _XX_ Juniperu virginiata,g,-0.1267646857687871,-1.1956594786911174,-1.0688947929223303,10.39102583545714,90.63679661017198,1.251044135563974,38.883,-79.236,Juniperu virginiata,n,e,7.777142543297316,0.12659511591206551,0.020194815350819795
105 _XX_ jupo,g,-1.3183909996336682,-3.9364413587122623e-4,1.317997355497797,13.436795096691602,17.648205435132752,0.1641596865421764,36.668,54.533,Juniperous polycarpus,n,e,-1.5839735680938425,-0.01090157994731436,1.1281513206097245
101 _XX_ KAL,g,-0.6967889402502012,-2.7867136354339537,-2.0899246951837522,5.042820604661336,51.86000083990586,1.1704425515084,59.267,27.3,Pinus sylvestris,n,e,1.9976871172586996,-0.02924418503125703,0.6398639562178641
112 _XX_ KEDN-H,g,0.972991341149047,0.07303695197069338,-0.8999543891783536,4.896794982015704,15.940128471912482,0.20231616849361003,43.117,82.41,Picea schrenkiana,n,e,0.9776719707660568,-0.0016844860495163205,1.2634920925059667
112 _XX_ KEDN-L,g,2.707486891778056,-0.9780295539897496,-3.6855164457678056,5.983333445187562,13.597051512316252,0.16688816781674767,43.133,82.85,Picea schrenkiana,n,e,2.4655992023169695,0.017947255941347717,0.7540640416990971
104 _XX_ kirdry,g,-1.022361436684478,-1.1920691512129054,-0.16970771452842737,-2.2552564435853406,38.407564761088445,1.2537755728138278,67.95,20.03,Pinus sylvestris,n,e,2.9333750147966953,0.03145927689550254,0.47431079387888886
104 _XX_ kirmoist,g,-0.2525603129872388,-1.3949041040832446,-1.142343791096006,-2.2552564435853406,38.407564761088445,1.2537755728138278,67.95,20.03,Pinus sylvestris,n,e,3.3971426850273545,0.04247052002270735,0.5552381221027609
064 _XX_ lai,a,0.5494696031064691,-1.2497837811800503,-1.7992533842865193,10.169487374763076,52.31320607593426,0.7864928390009301,48.18,16.2,Quercus petraea,n,d,-2.188498117984871,-0.06546263404734287,0.6854212352207725
082 _XX_ Larix cajanderi,g,-1.9712995450935624,-1.2093839149607424,0.76191563013282,-13.676154103254278,17.684872121860582,0.7382258455703496,70,148,Larix cajanderi,n,d,-2.469941928375899,-0.06504424146913479,0.8349062928179808
110 _XX_ Larix decidua,g,-1.4493798012603514,-0.9614469945058854,0.48793280675446593,0.3714102585823872,177.0617978499486,3.7287113007379378,46.408,7.792,Larix decidua,n,d,9.556623201828074,-0.053485836111361706,0.8850781048667993
072 _XX_ Larix decidua,g,-1.7608010342601423,-1.4774899275412676,0.2833111067188747,0.5703846351840557,172.46282353890248,4.288287106734647,46,10,Larix decidua,n,d,5.777891590776619,-0.17421929317256346,0.9397032147039583
159 _XX_ Larix decidua,g,-3.236350538127497,-2.504357302896976,0.731993235230521,0.3714102585823872,177.0617978499486,3.7287113007379378,46.433,7.8,Larix decidua,n,d,14.122403005500871,0.010939230759888119,0.8702922157894868
029 _XX_ Larix decidua,g,-5.393187853424117,-5.531294587413761,-0.1381067339896438,3.00589747197735,137.30589957573474,2.492384915741437,45.018,6.5355,Larix decidua,n,d,5.842142879395254,-0.062179491799665865,0.8869047435266628
084 _XX_ Larix gmelinii,g,-1.5044477311678766,-1.5577848027167314,-0.05333707154885481,-12.882436105198202,22.299615797935388,0.910450561976414,72,102,Larix gmelinii,n,d,-1.5921626095733963,-0.03332417459516568,0.8950396492959016
027 _XX_ Larix gmelinii,g,-0.8785973850986308,-4.360382062159491,-3.4817846770608605,-13.27730790252487,22.94038503017181,0.8811667343218852,70.633,103.35,Larix gmelinii,n,d,-1.1369566710098873,-0.025668520578620235,0.5455141418900796
184 _XX_ Larix sibirica,g,2.3120248650041804,2.0752563999746187,-0.23676846502956161,-1.4553846368709435,44.45397519178879,0.939726940032146,54.4,89.95,Larix sibirica,n,d,-3.132218327555613,-0.05972933304679462,0.6886114914130257
064 _XX_ lch,a,-2.358830183447785,-0.2192649371699972,2.139565246277788,7.606795006656112,127.63654078214596,3.305580527347758,55.27,-3.43,Quercus robur,n,d,-7.624675466597225,-0.2812938864354817,0.4482047322872855
161 _XX_ liriodendron,a,-2.154102160934367,-5.601183068899426,-3.4470809079650593,9.95858992085052,105.06320699850718,1.2913394045612694,41.067,-74.017,Liriodendron tulipifera,n,d,14.033766204660594,0.11629260387439788,0.4032467773982482
108 _XX_ LLO,g,-0.677369053066538,-2.2922273534837245,-1.6148583004171866,13.070128452472195,55.651795790717,0.673861108333194,41.72,2,Pinus sylvestris,n,e,-8.537940913759485,-0.12626751892200305,0.9895177497934569
099 _XX_ LS halepensis,g,-4.408588661963944,-4.144806528968028,0.26378213299591646,9.781666859678731,46.56589823930692,0.5164650122799957,40.288,-0.807,Pinus halepensis,n,e,-1.2669642277124566,-0.03227548994096541,1.0388654828572488
099 _XX_ LS Nigra,g,-2.0928721652261206,-2.856463303082805,-0.7635911378566842,9.781666859678731,46.56589823930692,0.5164650122799957,40.329,-0.8,Pinus nigra,n,e,-2.221792899593922,-0.03838243368727584,0.9147339046168383
099 _XX_  LS pinaster,g,-3.790472534562916,-3.877441954525203,-0.08696941996228702,9.781666859678731,46.56589823930692,0.5164650122799957,40.329,-0.807,Pinus pinaster,n,e,-3.036854792041936,-0.04729336791323491,0.9693877465155403
015 _XX_ M200,g,-0.864669045721323,-1.4744602305364678,-0.6097911848151448,-1.3089743721657074,36.59961605438819,1.1666362022889183,68.5,27.5,Pinus sylvestris,n,e,3.5914965559836105,0.03861856288005483,0.3294217604763654
015 _XX_ M400,g,-0.803291015538916,-1.5747394167846869,-0.7714484012457709,-1.3089743721657074,36.59961605438819,1.1666362022889183,68.5,27.5,Pinus sylvestris,n,e,5.250989163576897,0.07080631932573034,0.45390108637921145
133 _XX_ ME,a,0.00946373414005484,-0.7263267427233082,-0.7357904768633631,12.11525662954037,100.87269403078618,1.4332615677329794,43.153,-1.596,Quercus robur,n,d,-0.44126341997922225,-0.1069715448891605,0.9982418248941585
174 _XX_ meaz,a,-1.0844554920960694,0.510870418856384,1.5953259109524534,25.07769264563536,118.55102751189126,1.1751628016799105,15.6,99.2,Melia azedarach,n,d,-14.99410362173785,-0.1456332800257336,0.3774360747564387
098 _XX_ MIN,g,-3.449913185055765,-4.046114648144488,-0.5962014630887227,1.5557692738297657,41.74576999163016,0.8517670394135848,53.43,91.833,Pinus sylvestris,n,e,-1.0721803177568248,-0.03051775537046908,0.8639096775673369
108 _XX_ MON,g,-0.7611472701929637,-0.7626501333667975,-0.0015028631738338571,10.50884632455806,68.02500123274632,1.0819380433094865,44.29,11.18,Pinus sylvestris,n,e,6.1966537119268,0.009806434659705321,0.8759240022786976
099 _XX_ MS nigra,g,-1.9661880938221572,-2.097878100626162,-0.131690006804005,9.781666859678731,46.56589823930692,0.5164650122799957,40.322,-0.702,Pinus nigra,n,e,-4.108571443103607,-0.06152539139012553,1.1200000172569666
099 _XX_ MS sylvestris,g,-1.8870628301702663,-3.239638821532114,-1.3525759913618478,9.781666859678731,46.56589823930692,0.5164650122799957,40.322,-0.702,Pinus sylvestris,n,e,-7.266547968274068,-0.08581354050612355,1.0383332953566615
030 _XX_ NCZ,g,-0.6459536189029312,0.3391654940595909,0.9851191129625221,13.718974571961622,36.7960263297917,0.3596719641259616,38.115,-2.748,Pinus uncinata,n,e,-1.8774508240551846,-0.013072423368666347,0.6596639724004838
064 _XX_ nie1,a,0.14657897138724577,0.218534592001939,0.07195562061469324,8.502307859387917,56.09756498483893,0.974746329388459,50.12,20.38,Quercus robur,n,d,-1.7841537521094324,-0.023458511811281446,0.3300120435556746
064 _XX_ nie2,g,2.469362685959944,-0.36248877483144554,-2.8318514607913894,8.502307859387917,56.09756498483893,0.974746329388459,50.12,20.38,Pinus sylvestris,n,e,-6.8499216791037725,-0.0971331601621579,0.2516482916881344
091 _XX_ north,g,0.01150260176075205,-2.318342264204009,-2.329844865964761,14.94307719316238,31.69230821034274,0.31759268940783436,34.617,3.1,Pinus halepensis,n,e,0.9292206952904714,0.004405497943592962,0.5344156166175758
180 _XX_ nu,a,-1.931204743863309,-1.6195872344751552,0.3116175093881539,6.170000120319235,89.78423238465419,1.0598020388965517,-41.15,-71.7,Nothofagus pumilio,n,d,3.9393321419469913,0.03654430268690895,0.04471239751699052
158 _XX_ oak,a,-0.5764158568892626,0.4101627818876789,0.9865786387769415,8.502307859387917,56.09756498483893,0.974746329388459,50.05,20.333,Quercus robur,n,d,-3.28724511484711,-0.047169964157498634,0.2912244986514665
179 _XX_ oikhon,g,-1.0324312763211547,-6.687154266098506,-5.654722989777351,-1.2728205112597115,29.09064156680535,0.602397905190121,53.283,107.633,Larix sibirica,n,d,1.5961541800827561,0.005250443055547227,0.9510488899705667
032 _XX_ P. halepensis,g,0.6537275156489051,-1.1848289448947635,-1.8385564605436686,16.832051573655544,46.47461611746978,0.42323836526513536,36.72,-4.965,Pinus halepensis,n,e,1.3554620555594212,0.009238581006060759,0.5543162325486755
051 _XX_ P. smithiana,g,-1.871801057917465,0.5319720614000508,2.403773119317516,4.407179562671062,52.96000095101503,0.6143090786422496,32.416,77.283,Picea smithiana,n,e,-0.4372296742933628,-0.0019339555056675506,-0.27640696418233546
064 _XX_ pan,g,0.6322308946420304,3.3619526856129145,2.729721790970884,6.829487305679001,51.74653924061702,1.0416859645009355,54.88,23.97,Pinus sylvestris,n,e,4.438023039100841,0.04679358169922976,0.3270563425611783
086 _XX_ PE,g,-3.1212869776354424,-1.209461122770534,1.9118258548649083,8.498205291623107,81.36923233209512,1.0626253526850018,42.75,-0.867,Abies alba,n,e,-0.5666044505938572,-0.06366361029378453,0.9196659855143707
040 _XX_ Picea crassifolia,g,-0.8639672753658033,0.4829605642756555,1.3469278396414588,6.2220514042350725,34.6464108824921,0.5253473657827762,35.867,104.033,Picea crassifolia,n,e,-3.8738838010763743,-0.048811077419897764,0.23055312493185198
017 _XX_ Picea crassifolia,g,-0.25113512188344966,-1.5120937945251518,-1.2609586726417021,-0.01333333061864743,33.218846704381015,0.4729537110377234,35.27,101.95,Picea crassifolia,n,e,0.25523776099795725,0.012701998988321805,-0.23642855220962122
138 _XX_ Picea glauca,g,-0.12781605451108996,-0.826016889024353,-0.6982008345132631,7.316538591482319,61.06230876128643,0.7599821729238218,44.73,-94,Picea glauca,n,e,5.778571679275856,0.06571408299733816,0.08775510674431075
080 _XX_ Picea glauca,g,0.06704469049406338,2.097339694389754,2.0302950038956906,-9.210641157818149,19.889231041417673,0.6995530492404695,68.4,-133.8,Picea glauca,n,e,-0.4531660169472218,-0.06585205976042613,1.411773972310738
068 _XX_ Picea schrenkiana,g,-1.326940575685375,-0.775869689974728,0.5510708857106469,1.6794871957542803,21.17000039204573,0.28106939425187427,43.42,81.044,Picea schrenkiana,n,e,2.5190475747698855,0.0175534396151312,0.9742857342674629
045 _XX_ Picea schrenkiana,g,-1.4359197611391834,0.2671250043627164,1.7030447655018999,-1.863974386358108,18.34705159917283,0.23477274818878513,43.22,87.18,Picea schrenkiana,n,e,6.526587493362875,0.05911768489075642,0.6011905181443407
109 _XX_ pili,g,-1.569487391475057,-0.9344182906447192,0.6350691008303377,6.495769339551528,54.77871882738784,0.6898944836455594,31.517,101.7,Picea likiangensis var. balfouriana,n,e,1.448120762531019,0.03097122443907563,-0.27894737845972983
103 _XX_ pimfp,g,-2.436527304996267,-3.926144194152018,-1.489616889155751,-0.03910257155314469,146.69295106851138,3.94269562670142,46.067,10.934,Pinus sylvestris,n,e,9.577273464822127,-0.09795878953708925,0.9233766509727999
158 _XX_ Pine,g,-0.02014874115604215,-3.0441766028636787,-3.0240278617076366,8.502307859387917,56.09756498483893,0.974746329388459,50.05,20.333,Pinus sylvestris,n,e,-3.6726531971474117,-0.06183899191475928,0.3650000041844894
093 _XX_ Pinus armandii,g,-1.6462446372806523,-0.08261515675938738,1.563629480521265,17.47115415426401,94.40371955551016,1.076536330896378,24.483,100.983,Pinus armandii,n,e,-6.92283952417938e-4,-0.02511971500133736,0.3992207919364361
055 _XX_ Pinus longaeva,g,-1.2260186332564753,0.7687801564350231,1.9947987896914983,9.724230961348766,32.63294931897559,0.27074802187206953,37.45,-118.116,Pinus longaeva,n,e,-2.440055071239126,-0.01445588308423558,0.5414834460059357
095 _XX_ Pinus massoniana,g,-0.5794304264294456,-1.6162075562617573,-1.0367771298323116,18.183333649390782,130.46448932401836,1.6760627775788854,25.417,117.417,Pinus massoniana,n,e,5.896134204863017,0.004317183982454953,0.3470933895901389
072 _XX_ Pinus mugo var uncinata,g,0.2310457792456727,-1.0736393554521548,-1.3046851346978277,0.5703846351840557,172.46282353890248,4.288287106734647,46,10,Pinus mugo var uncinata,n,e,5.025510648775764,-0.18743690238262944,0.902968517592754
185 _XX_ Pinus sylvestris,g,-1.627708969319117,-2.2990728928297184,-0.6713639235106015,-2.2552564435853406,38.407564761088445,1.2537755728138278,67.898,20.082,Pinus sylvestris,n,e,3.4491071275302403,0.03697613006933509,0.6071428281388114
147 _XX_ Pinus sylvestris,g,-1.8123591361483944,-1.6586026431296912,0.1537564930187032,1.8238461831536812,120.76077104226135,3.1637661371707293,68.8,15.733,Pinus sylvestris,n,e,2.6073424180189733,-0.003916267973638199,0.2531968095301691
081 _XX_ Pinus sylvestris,g,-1.313553752716265,-1.5572468729427584,-0.24369312022649336,0.16153845957074411,59.94602661255078,1.8343957979293808,63.166,13.5,Pinus sylvestris,n,e,2.138546394405516,-0.05227717595106718,0.6167418743472055
188 _XX_ Pinus sylvestris,g,-1.1241839776222695,-1.5070364895252808,-0.3828525119030113,-2.95961542857381,44.148590425955945,1.5206979479670288,68.55,22.14,Pinus sylvestris,n,e,4.823571523030594,0.06479847684005913,0.6678571369321573
131 _XX_ Pinus sylvestris,g,-1.4706901119522124,-1.2706371604796165,0.20005295147259594,8.202436047544081,47.25218022450423,0.8922135469538388,50.924,11.589,Pinus sylvestris,n,e,-2.442115242494502,-0.06208700583729876,0.5091836364017119
103 _XX_ pipp,g,-0.2642305738135944,0.17831292848795588,0.44254350230155026,-0.03910257155314469,146.69295106851138,3.94269562670142,46.067,10.934,Pinus sylvestris,n,e,9.577273464822127,-0.09795878953708925,0.9233766509727999
012 _XX_ piqa,g,0.5781346575587266,-1.1089631029630294,-1.6870977605217559,-3.3076923568279315,14.28423102264985,0.1960795361406494,37.4333,98.03,Picea crassifolia,n,e,1.990476244262286,0.019632161673080822,0.22357146151009033
012 _XX_ piqi,g,-1.0964473637233865,-0.4321546816369416,0.6642926820864449,-3.3076923568279315,14.28423102264985,0.1960795361406494,37.4333,98.03,Sabina przewalskii,n,e,0.8798317927253088,0.009072664536284747,0.15468649879223184
091 _XX_ plateau,g,0.38086109059401096,-1.34906302895868,-1.7299241195526909,14.94307719316238,31.69230821034274,0.31759268940783436,34.533,3.033,Pinus halepensis,n,e,-1.4134509477743613,-0.014658789357577612,0.7120903315334743
111 _XX_ plor,g,0.8974465062869925,0.47023817580948546,-0.42720833047750706,10.01358991896686,41.12461611174811,0.4720638320641116,40.333,117.167,Platycladus orientalis,n,e,-7.076902213403301,-0.09482786732726844,0.7758194399086449
014 _XX_ pnCaz,g,-1.6623302135302116,-0.3496666628265204,1.3126635507036912,13.743974588467523,36.91589801401282,0.3573053416669603,37.8,-2.95,Pinus nigra,n,e,-3.716477155703572,-0.02729835791948687,0.6493506029054714
013 _XX_ ponderosa,g,-0.5348991441875096,-7.979998964107724,-7.445099819920214,9.145769409634743,46.709616206700986,0.8248167018973653,52.827,14.014,Pinus ponderosa,n,e,-3.431391263964187,-0.07920379302697844,0.6166039352727726
057 _XX_ Populus euphratica,a,-2.4648265785463317,0.4510316880658595,2.915858266612191,8.21935911961855,8.434743743561782,0.09841952268126404,40.95,100.18,Populus euphratica,n,d,0.4330672617250375,0.001987976665602076,0.46042010263234445
036 _XX_ prairie ck,g,-0.00220312062045877,-0.6400097761434101,-0.6378066555229513,12.278333547787788,114.48115601363854,1.5654784750322668,41.451,-124.036,Sequoia semperevirens,n,e,-1.2811256278193355,-0.021364002341227428,0.46103897755280165
014 _XX_ psLil,g,-3.3988199585272816,-2.1588819570927,1.2399380014345818,10.36794889217768,79.0584629031328,1.1509865164060793,43.05,-5.25,Pinus sylvestris,n,e,3.6602303840800943,-0.015435342673622787,0.9695970901078024
014 _XX_ psUrb,g,-1.7835793197178915,-0.01871715444002371,1.7648621652778678,9.016154010813588,62.09448824356764,0.8041675026454115,42,-2.817,Pinus sylvestris,n,e,1.4924602470700705,-0.021132312586797153,1.1575396571840564
014 _XX_ puPed,g,-1.3562989922454447,-3.908786145436411,-2.5524871531909663,9.024359124631454,71.85397566256042,0.9991674332969498,42.233,1.7,Pinus uncinata,n,e,-5.824217172503197,-0.11769737525299007,0.8512604792123568
161 _XX_ Quercus,a,-1.7494008130466474,-2.3148141825549344,-0.565413369508287,9.95858992085052,105.06320699850718,1.2913394045612694,41.067,-74.017,Quercus rubra,n,d,14.033766204660594,0.11629260387439788,0.4032467773982482
022 _XX_ Quercus cerris,a,-0.46443188719962675,-1.188076469217063,-0.7236445820174362,13.705128434835336,63.755257424865015,0.8633653258594054,43.15,10.9,Quercus cerris,n,d,9.146348357520736,0.06046614724024513,0.7344789802067773
041 _XX_ Quercus petraea,a,-3.2046586124302965,-5.450571146631438,-2.2459125342011412,9.61102579237941,121.26448934720112,2.7900156542468952,52.217,-4.216,Quercus petraea,n,d,-0.48111174749949726,-0.1934326025824813,0.42126990575638956
056 _XX_ Quercus petraea,a,-1.9353779430287883,-2.07428763281228,-0.1389096897834916,11.706923284133277,51.85128287955737,0.7987357172467051,48.38,2.67,Quercus petraea,n,d,2.6983765988122883,-0.018680322358748724,0.790476290178507
146 _XX_ Quercus robur,a,0.597184802308772,-0.22266947559683375,-0.8198542779056057,7.606795006656112,127.63654078214596,3.305580527347758,55.267,-3.433,Quercus robur,n,d,-1.073766184472447,-0.11680976392546927,0.30149345181205156
078 _XX_ Quercus robur,a,-4.2623077026578,-1.850914395720308,2.411393306937492,4.967948810431437,48.653462374516025,1.1967392831265038,60,23.08,Quercus robur,n,d,1.2776867733520731,-0.04831002314819843,0.562312930224298
105 _XX_ quma,a,0.04301696706067731,-0.9267097476206696,-0.9697267146813469,13.436795096691602,17.648205435132752,0.1641596865421764,36.668,54.567,Quercus macranthera,n,d,-2.534615327435251,-0.017065123676985677,1.1245192420351628
037 _XX_ Sabina przewalskii,g,-0.7420074349795798,-1.536286093013438,-0.7942786580338583,-3.3076923568279315,14.28423102264985,0.1960795361406494,37.433,98.05,Sabina przewalskii,n,e,0.9755101124394905,0.009762756067578038,0.12765307563300032
038 _XX_ Sabina tibetica,g,-0.9549155009412664,-0.6299252793442469,0.3249902215970195,-4.3992308476892035,25.890128692268178,0.3922074665459181,33.8,96.1333,Sabina tibetica,n,e,0.8268711279038712,0.016430201246711962,-0.057312924997741765
036 _XX_ santarosa,g,-1.9263296860614336,-0.6981921707996618,1.2281375152617717,14.272692550145663,75.82487300856947,0.788611021164256,38.4,-122.984,Sequoia semperevirens,n,e,-4.444683283079261,-0.035568508015204114,0.5512352302174293
167 _XX_ Shorea johorensis,a,-0.6142618008444396,-0.5720576781584613,0.042204122685978285,24.33717987843049,203.88872155409592,2.2697927970826988,4.95,117.8,Shorea johorensis,n,e,-0.49390719384371096,-0.019069269001048106,0.570448155496635
167 _XX_ Shorea superba,a,1.5587137898987904,-0.5811054081180712,-2.1398191980168617,24.33717987843049,203.88872155409592,2.2697927970826988,4.95,117.8,Shorea superba,n,NA,1.4612243743169984,0.01729542633894754,0.517176829227779
091 _XX_ south,g,0.4690871130817032,-1.6391866466914349,-2.1082737597731382,14.94307719316238,31.69230821034274,0.31759268940783436,34.6,3.08,Pinus halepensis,n,e,-0.5252011673238144,-0.008053955142462765,0.7819109576383916
059 _XX_ Spasskaya pad,g,-1.998339348092019,-2.153902492121736,-0.15556314402971672,-10.148846305257235,22.574359336418983,0.5886667659899097,62.233,129.617,Larix cajanderi,n,d,0.6941638818318125,0.0013743967203743157,1.0669531400511865
104 _XX_ stodry,g,-2.6182952546843388,-3.75724017794947,-1.1389449232651314,6.2914103535314405,42.44128282597432,0.9314088154951315,59.44,18,Pinus sylvestris,n,e,2.668003497366719,-0.03467478785783473,0.8558479776557721
104 _XX_ stomoist,g,-1.9413489209277568,-5.507650250096973,-3.5663013291692165,6.2914103535314405,42.44128282597432,0.9314088154951315,59.44,18,Pinus sylvestris,n,e,1.0350000722067634,-0.06097074465785701,0.7678571743624527
108 _XX_ SUS,a,-0.4076717552259227,-2.336911874188377,-1.9292401189624542,8.112564264065945,55.80243681027339,0.7281053688360365,41.82,23.08,Quercus petraea,n,d,-0.827072805577103,-0.02749166228358113,0.5687813157444577
064 _XX_ suw,g,0.32170502788374394,-1.529704454180085,-1.851409482063829,6.915000110004957,51.07282139124015,1.005499485420681,54.1,22.93,Pinus sylvestris,n,e,-0.5568693288775748,-0.024527719459003006,0.31120977968853225
013 _XX_ sylvestris,g,-1.9484367772552753,-5.28613119310439,-3.337694415849115,9.145769409634743,46.709616206700986,0.8248167018973653,52.827,14.014,Pinus sylvestris,n,e,-3.2864288537275215,-0.06696883941858778,0.4761903910409835
173 _XX_ Tectona grandis,a,0.19026137192361725,0.5544080884482867,0.36414671652466946,27.091282455737772,165.24602831061452,1.4173146159444243,-7.083,111.183,Tectona grandis,n,d,21.19214152765798,0.1668063085644207,0.34956031736437154
174 _XX_ teiv,a,4.565330222909852,-1.1470385150213287,-5.712368737931181,25.174231152656752,211.2580798876591,2.3766115394318144,5.217,9.1,Terminalia ivorensis,n,e,-32.15844280688793,-0.3574532354737432,0.05129871120700358
030 _XX_ UPF,g,-0.7752754100905964,-2.5322816539637114,-1.757006243873115,9.024359124631454,71.85397566256042,0.9991674332969498,42.262,1.633,Pinus nigra,n,e,-7.127088460424446,-0.1417510836481055,1.0345604647646898
101 _XX_ UST,g,-3.6184679574947807,-3.1167980943573976,0.501669863137383,-9.396538647932884,27.55705174941283,0.7343290353051886,60,133.817,Larix cajanderi,n,d,-0.2027569860842391,-0.01247755858660915,1.027151157583111
135 _XX_ Val maggiore,g,-0.3072236994578335,0.06249426884302647,0.36971796830085996,1.8637179885919275,123.74987399960176,3.219446370876561,46.292,11.613,Picea abies,n,e,6.648979832931445,-0.06067211558892405,0.686394572283338
108 _XX_ VEL,g,-0.7582913172489884,-1.9859989662274289,-1.2277076489784404,7.264871925965716,60.498206196534326,0.8130596060875935,42.03,23.96,Pinus sylvestris,n,e,1.3387754503686295,-0.015935744430946253,0.6399267480861202
064 _XX_ vig,g,0.9459889516181844,-0.6025226775493545,-1.548511629167539,1.896153880407413,184.6629518215473,4.27416914896071,46.5,8.77,Pinus sylvestris,n,e,0.23193228818516332,-0.23619617207801635,0.7022917908143231
064 _XX_ win,g,-2.4985340541658103,0.9694750239085428,3.468009078074353,9.75653862911157,64.33577036827039,1.3343353227372856,51.41,-0.59,Pinus sylvestris,n,e,-1.579199324410233,-0.10307515858886762,0.6233909504379938
133 _XX_ XE,a,-0.2807919253338621,0.0895797965009138,0.3703717218347759,10.052948915490354,73.86384740166176,0.9994731179115156,42.684,-2.491,Quercus pyreaica,n,d,3.092967352500324,-0.03212221601069165,1.035824224975082
101 _XX_ YAK,g,-2.420270646727663,-1.8637401205621953,0.5565305261654676,-10.335128372143476,23.33282085550137,0.6127366913796229,62.25,129.233,Larix cajanderi,n,d,0.6054545656427166,0.001861573127999283,0.9916883050621337
